{"0": [{"ime": "Brigitte", "spol": "ženska", "barva_las": "blond", "dolžina_las": "kratki", "barva_majice": "modra", "usta": "zaprta"}, [], "W"], "1": [{"ime": "Frank", "spol": "moški", "barva_las": "rjava", "dolžina_las": "kratki", "barva_majice": "bela", "usta": "zaprta"}, [], "W"], "2": [{"ime": "Tilman", "spol": "moški", "barva_las": "črna", "dolžina_las": "kratki", "barva_majice": "črna", "usta": "zaprta"}, [], null], "3": [{"ime": "Erika", "spol": "ženska", "barva_las": "črna", "dolžina_las": "kratki", "barva_majice": "rdeča", "usta": "zaprta"}, [], "W"], "4": [{"ime": "Ludo", "spol": "moški", "barva_las": "nima las", "dolžina_las": "nima las", "barva_majice": "rdeča", "usta": "odprta"}, [], null], "5": [{"ime": "Vilma", "spol": "ženska", "barva_las": "rdeča", "dolžina_las": "kratki", "barva_majice": "zelena", "usta": "odprta"}, [], "Z"], "6": [{"ime": "Michael", "spol": "moški", "barva_las": "blond", "dolžina_las": "kratki", "barva_majice": "zelena", "usta": "odprta"}, [], null], "7": [{"ime": "Martina", "spol": "ženska", "barva_las": "črna", "dolžina_las": "dolgi", "barva_majice": "siva", "usta": "odprta"}, [], null], "8": [{"ime": "Hanna", "spol": "ženska", "barva_las": "rdeča", "dolžina_las": "dolgi", "barva_majice": "zelena", "usta": "zaprta"}, [], null], "9": [{"ime": "Martina", "spol": "ženska", "barva_las": "črna", "dolžina_las": "dolgi", "barva_majice": "siva", "usta": "odprta"}, [], null], "10": [{"ime": "Hans", "spol": "moški", "barva_las": "rdeča", "dolžina_las": "kratki", "barva_majice": "zelena", "usta": "odprta"}, [], null], "11": [{"ime": "Hans", "spol": "moški", "barva_las": "rdeča", "dolžina_las": "kratki", "barva_majice": "zelena", "usta": "odprta"}, [["usta", "zaprta"]], null]}